Item_Identifier,Item_Outlet_Sales
FDO38,1591.3073569614578
FDO32,708.3617337137815
FDT14,2106.494330868461
FDG50,1403.545100703092
FDR11,2598.3277993985275
FDB52,2968.419660681489
NCL31,3078.1481641412715
FDI24,3184.4413864335543
FDQ39,547.6462607649197
NCI29,2008.6993114030217
FDZ59,908.1799797555279
NCO54,198.44751579707344
FDW02,2248.371947647952
FDI35,3821.4770273547892
FDH17,1554.2561918367442
FDF44,2237.3577393851706
FDJ09,686.2421086323897
FDF45,1283.9655360574434
FDU07,2350.60993129334
FDR15,539.7642891326977
FDO31,1247.2953516019265
DRK01,1288.1422866994076
NCR42,20.945833849798305
NCO05,1561.7362725633898
FDX25,2923.2336115163157
FDV47,1245.9935009716735
FDE14,1375.5279530274834
FDD16,130.19016955711132
FDH40,1363.6339170272608
FDQ25,3047.764935088936
FDV43,791.2722932065436
FDD35,1969.1536810983996
FDA34,2463.1290084706548
DRM37,5063.4621779565805
NCO43,1974.610908687513
FDE08,434.1781881341775
NCI43,700.8297549153515
FDO36,3402.066318473553
FDT32,440.83745278045296
NCA30,2887.1900970252364
FDF05,4581.541317525421
FDH08,769.894572887961
NCQ41,3070.38770854125
FDY50,1695.1045545508555
FDG14,2593.265009858742
DRI23,3595.727598630211
FDC10,2258.552610095642
FDR56,3437.008656095593
NCX54,466.88812681842575
NCS05,1964.0937075896013
FDI27,573.4057468605523
FDO56,1803.3346513567085
NCL06,5420.244084315561
NCQ06,4963.808122602193
FDT11,3307.0245945696547
FDG50,1734.0322874949413
FDR10,3495.914596494966
FDL10,1614.7608629160197
FDA34,4084.3527809645557
FDS33,193.3838020897986
NCX54,1835.297149329537
FDK52,2941.5422049221083
DRH23,828.6251358837428
FDZ52,1610.8975053695508
FDK55,1397.2538294946232
FDQ15,1214.288701240518
NCQ41,2487.0207011994125
FDM01,1517.102917536536
DRI13,3526.2938550494555
FDK56,3045.5402354849225
FDS52,-17.852427533681947
DRJ24,2760.982398449987
FDM24,2350.9518532646425
FDO37,5214.89310694083
FDT08,2558.1993341630537
NCQ05,2576.2755451079915
DRM59,1722.1706012499374
FDS08,4802.474431897353
FDP59,1314.193452599414
FDV57,3757.262882875038
FDR35,5226.933051053657
NCN14,3254.889519947125
DRD15,48.50724018374637
FDW22,5557.118807951509
NCJ19,571.1829089777399
DRG25,3432.551683061749
DRL59,871.446753694408
NCU41,3000.8283158966024
FDC33,2269.36629892932
FDZ36,1971.26124873671
FDB21,3999.144227053973
FDI45,2959.3122419499964
FDY55,709.3425115741627
FDU60,4099.63900174163
FDE53,2634.3057612723355
FDY07,1277.979916571123
FDI22,3076.618945466549
FDT09,320.63547203272975
DRE49,2222.162919401836
NCM18,1367.1776039963822
FDX23,1354.4441582629804
FDK56,3108.1307568279667
FDZ20,5158.895859356051
FDX24,1635.326555998671
FDF26,2184.3079791575333
NCB19,1809.8282847218588
FDX58,5273.910289600764
FDI56,2705.8967715537997
FDG28,3688.086206347108
FDB20,1270.1670355919118
FDS23,1756.6276009324054
NCP06,1789.6716524931644
NCB19,1434.4225992712659
FDQ46,1787.7631051280466
FDN01,2752.2112267036446
DRH49,1106.8644438451943
DRE48,3671.1004469926406
FDS49,1488.333458399066
FDV12,1950.4703474213723
FDD32,968.2489173716484
NCO14,698.9404379899908
FDY14,4587.3541118587345
FDB56,3172.764247687249
NCF19,367.0617443896701
NCO42,2245.7890643481455
FDS19,148.27677428769275
FDA04,5128.882229753732
DRG13,2796.517346295025
NCL55,3522.261404235624
FDH60,408.2497656452928
FDO20,4602.29012165061
FDU12,5409.921085353322
FDV46,2316.7488240542452
FDX19,3977.394327953634
DRP35,2664.415315272706
FDG38,1640.8287898199815
DRH25,596.7444174125221
FDA21,3352.344048186602
FDG10,808.6594222314595
FDT51,1564.991435344852
FDU58,5665.523216883266
FDB29,1633.6759580110197
FDX40,234.59163891447534
FDU07,2805.460844391009
DRC01,874.7577135673165
NCE19,1343.314321573
FDX57,446.51240106842937
NCC06,2282.67476925047
FDM45,2243.8172415900044
FDT22,744.7050012122797
DRE25,1269.4533382784077
FDD56,2789.769592501178
FDY10,1915.6706642193442
FDE02,1537.6546156245397
FDX56,3859.9303041544686
NCN05,2943.0430285827456
FDS19,1280.7169782625958
NCN30,1111.9187525950751
FDK52,5525.861900695843
FDX28,2603.1265951425667
FDS32,2483.5830366773225
FDY57,1277.6216293227315
DRQ35,1793.9559825363924
FDO23,1577.4296723969069
FDI28,872.3196604187432
FDD14,532.2532497025499
NCI29,2289.9131048581094
DRC01,662.30477509312
NCI06,2817.1773837725523
NCN30,1228.2815974505809
FDP45,2404.7116619822114
FDT48,2513.355885685742
FDP09,5902.639137460057
FDC53,1380.0936926595198
DRC25,1217.6451503782062
NCA53,1144.0114479688334
FDX07,3286.7912037433275
FDL09,3179.577102712486
FDZ60,3168.5963454465327
FDX19,4101.794524327902
FDZ52,1668.2865996141577
NCY30,3116.2137225730894
FDQ07,3343.4035626208233
FDK20,2222.679119318264
FDV08,1136.4261694988477
NCM19,1792.7705730670193
FDG09,2693.5538603856025
NCV29,625.6779267478411
FDX46,1003.6950926595622
FDZ13,711.7833067720712
FDE34,3578.329432749012
FDB09,2234.2162606676416
FDZ21,1563.965552759071
FDY12,952.5880967161668
FDH53,1601.2892635756807
DRG37,2496.0669760488636
FDC32,407.06385809171775
DRK23,5467.614066488364
FDK36,1322.5177617881805
NCF54,3040.7703763655823
FDO48,3728.07201552025
FDF05,3484.0412894635942
FDX48,7.307712203518316
FDU27,243.66661265672812
FDK03,4751.013623273702
DRI49,1446.7688197606403
FDM01,1564.0654027584649
FDI46,2902.2707217178145
FDF04,5545.071430691559
FDU19,3558.908211821939
FDA35,2421.1928011721875
FDT16,5394.8771855990235
NCP55,855.4233872900982
FDT11,4366.2811721907465
FDU48,2120.9230771870007
NCI55,2449.490106381608
NCG30,1936.394961207798
NCB07,463.68103765317
FDT52,3699.3387580504796
DRI11,1882.2079209105577
NCN53,108.90566331759483
FDU11,2240.8076010834725
FDG45,3877.067330392804
FDI20,4708.608627355836
FDV51,2171.5532396128087
NCQ18,1653.0735670952124
FDH58,2394.5426920599843
FDQ22,709.3253564432932
FDF32,3082.956076589621
NCT42,4044.2445799097172
FDD36,2943.4915522026768
FDZ32,1352.8642541437384
NCT18,4901.305194378769
FDG60,2199.9140016307556
FDU52,2184.1402742736914
FDK27,2082.588739955904
FDB56,3338.080469088016
NCN07,2090.7640945665025
FDP07,3618.881211735011
FDS45,2205.782355589558
FDD38,591.6174195736124
FDQ56,1576.3672046507613
FDZ28,-60.38446375880081
FDZ39,1477.6642434554262
NCA05,1933.6883764999318
FDE57,2481.7932781539557
NCM05,4640.145365389317
FDV07,1093.1274309103642
FDJ09,767.0833885356842
FDT24,326.24744454892436
FDT46,819.91828669343
FDR24,1589.0759607511943
NCM31,2304.071471881149
FDK40,4053.7289835934457
FDZ44,1796.157098274122
FDH10,1976.1440855673463
DRG39,919.1741269937633
FDB05,5144.964774244058
FDQ36,630.8606206007552
NCL54,4897.192301853646
FDU28,548.3088975373174
FDM36,962.954168382306
FDS32,2690.5719513584268
FDR23,3630.1831507433762
NCS17,1417.6036483690343
FDY21,3441.3175379797067
NCU05,1072.2664901256567
NCK29,2248.947580360896
FDB51,658.2089757390519
FDG46,1808.677036158173
NCK19,3601.0678230501494
FDT13,840.3738018921238
FDP40,2153.9744340739185
FDN03,2982.7965755160367
FDM22,908.6580226613814
NCV54,185.77438615504656
FDG34,1700.9850280962785
DRM23,4558.645471015436
FDP10,1359.2331013099545
DRH13,1369.541573653589
FDD09,3353.744021537849
FDW59,1340.2413370955544
NCW06,3372.962409805755
FDW52,2633.2244337916636
DRM37,976.9730789413102
FDO20,5120.297673889737
FDV49,4313.266579127687
FDW13,994.8638740754136
FDK41,1113.8205817367327
FDB05,8150.903011203172
FDF20,5671.4548026244365
FDA56,1926.2285670416863
NCO41,3131.5244780839794
FDI57,4196.585374914218
NCT29,2018.2521142311002
DRE27,226.00496100948786
FDB32,2919.5857096690265
FDZ40,883.551265499058
FDC46,3756.551244022686
FDI02,1806.2103340393824
DRH39,1641.4601002860597
FDX21,3184.8682828520687
FDR15,2041.2711791432025
FDT34,1698.3496817263292
NCB31,4051.4421351745086
DRF01,453.80457831578354
FDQ25,4628.861377446881
FDH57,80.00793135534443
FDM02,1257.0551635099573
FDP59,2964.896308455002
DRL49,200.13846604539722
FDX47,1679.934246727225
FDB41,717.2187032239534
FDW47,2020.2820927265839
FDW37,2923.142260115708
FDV32,1427.571182678941
FDX48,2141.181993544089
FDW32,1207.8009170801474
FDI45,2287.3243872154962
FDB15,5060.351462874469
FDZ07,812.9647001302103
FDB11,3829.3888156859457
FDI19,514.0723061618328
NCU17,2231.831298793539
FDX26,2617.555319591778
NCG54,3534.200861584855
FDT10,993.5527292226544
FDM24,2071.08478941436
NCT42,2043.242385409318
FDV25,4635.032434465993
FDJ45,767.0429885153734
DRD49,4631.283320487179
FDB27,3465.5240282729965
DRG37,1845.0758279810725
FDB41,838.5148443367128
FDF45,1002.447284844815
FDX36,4092.875455768664
FDV16,626.8147909223408
DRH59,1128.8249562519077
FDK08,3251.0330335346916
FDA09,3241.501968445334
FDV01,3723.6445063138094
DRA59,2505.185104942618
NCN07,2128.4513991859194
DRK11,785.9368646430097
FDL14,2226.854063514293
FDT58,3618.4430468027385
FDC53,1349.1125259498879
FDE26,2461.141418374523
FDC51,2266.3423991432064
FDY08,4130.189115183781
NCX42,2798.7476041478776
FDF57,536.717100377519
DRH36,996.4312898133102
FDW32,1414.1335376604634
FDK15,1679.387867424
FDW32,269.89298727713924
FDL10,1350.7517199915123
FDF16,2497.5951044029093
FDE11,342.53487242294847
FDJ58,326.5363467360186
FDG57,561.9499349974295
FDN51,4073.6101519424087
FDI10,3111.3310251692305
NCT42,1957.1588608457762
FDU40,2040.1280859696603
FDX21,1860.2757355872184
FDF20,127.85292426471996
FDL51,3780.5926038230164
FDY48,1611.428386585306
FDT51,2040.7759543904235
NCB18,1681.503528460766
FDS59,1693.0723901378972
FDS45,2211.3216098592784
FDM32,461.526060684923
FDR04,1305.6985771247696
FDV57,3585.2633390066417
FDF05,4066.0175572582707
DRE49,3846.360586070613
NCB06,469.17411217465406
FDY21,3228.269294117939
FDW27,496.4576697705881
NCY05,878.0340802644486
DRG27,223.8376530084259
FDW44,2559.5366043479953
NCK42,2988.7520419602893
FDN45,5741.626629662224
FDX15,3214.02591262349
NCS06,4523.136169974279
FDJ57,3646.1955644273407
FDU21,474.49006384624784
FDF56,3188.018818028036
FDZ51,592.9758838691671
FDB17,3267.133468412114
FDD47,3689.824207393727
FDJ04,1995.9742713829821
FDP01,2258.6617466651205
FDU44,3982.4445878189103
FDK45,1845.6145028741657
FDU23,2595.416833121013
FDG26,5206.538052925504
FDE09,1765.120911196563
FDH12,164.2629792174557
FDI16,643.2413520601732
FDJ21,2471.1161721118197
FDR21,2978.6396791255124
FDG46,1612.0831960856272
FDF05,3706.5086271643327
FDT01,2840.899141034884
FDW48,967.3240270266725
NCX29,425.61494526842694
FDS45,281.54114947666096
FDL22,1526.4118183895303
FDT09,2365.6600558443743
FDH05,4208.532426927469
DRL49,2184.0355837305483
FDS13,3232.2742032179203
FDP32,2033.8932521288448
FDQ13,1291.0985955284002
FDW11,964.8770042498792
NCO14,-1.0950747371588454
FDX55,3420.6485523767196
FDZ25,2306.830766889773
DRN37,210.08971703255986
FDW25,1454.9465871983396
FDD09,2554.5449347925323
DRH37,3224.212847788903
FDW19,1539.725602922685
DRF51,264.5486978639088
FDH50,5685.641246507822
DRA59,3807.5680477057044
FDD58,1512.4160218238264
FDZ58,2105.093517036844
FDW49,3180.708216713889
FDU35,81.97809458106275
FDY31,2799.0525941081605
FDI24,670.6928577871956
FDN24,881.4733139033615
FDQ01,4007.634651736212
FDR12,690.5589141088572
FDQ03,3814.7817512429647
DRJ49,1698.2275176552496
FDU38,515.2179449116531
FDR44,438.0693052438006
FDY03,1210.5410374206738
FDH08,2547.160216954603
FDC50,1317.9751688152464
FDP08,3942.643306294442
FDO46,4934.602714022625
FDW31,2722.3756158773913
NCO07,3024.411410844876
FDO08,2068.0091804736303
FDF10,2405.4771325289157
NCQ41,292.68018780304374
FDE47,2015.6540711923215
NCM41,1294.0603179809184
FDL08,5147.706546981792
FDN08,448.2094203670108
FDM20,7733.177581925797
FDN51,4729.634021433835
FDQ39,3642.6030399681467
NCZ06,7583.249272027199
FDG10,733.166377912974
FDT19,3631.881714554257
FDQ46,1727.317203595545
DRI03,550.6009834726675
FDG26,4151.137611988947
FDW51,4653.083838706663
FDI21,1155.110701478497
DRL35,745.5412346246243
FDG33,3537.4886820608995
NCO05,1843.6553622133044
FDR14,1011.1747252923213
FDI35,2562.3211912451106
NCK17,601.1897591933368
FDP07,3536.6565308816744
FDF34,5278.11217624301
FDY49,244.6163219578948
FDY16,4715.431599988149
NCV06,3864.3474637270647
NCE30,3198.601945101017
FDB29,1900.7223867752755
FDV52,1359.6071992037323
NCL42,4779.38514602944
FDV10,468.8663772156707
NCR17,1821.2691143608024
FDB38,2414.64148738069
FDV40,1259.6807501981755
FDP21,3973.5366737474615
NCZ54,1066.2866415952913
NCN17,1844.4678324932859
DRK59,6613.279335587329
FDI33,1275.9910981950698
FDQ20,522.2107674817746
FDD05,2188.259200406465
FDY19,1717.2167025932674
FDS60,2838.5957053521925
FDV23,2363.192924700624
FDO11,3491.0851473669545
FDI14,1964.0421229630504
FDJ22,2665.9390629758495
FDU50,1636.606289872445
FDA55,175.58779097022014
FDQ25,3662.6032702448815
DRD15,3163.5650232285107
FDY47,3485.186842943775
FDL09,2542.1412454793567
NCO17,2209.35159080992
FDA46,3333.2484932293214
NCZ41,2178.001186278638
FDS50,4584.032947540256
FDQ11,4518.458905448192
DRE03,830.8712951209915
FDV15,3033.506756156428
FDZ03,3019.5619967846364
FDG31,407.44206547430935
FDO10,996.4301230507307
FDY44,3086.606257118677
FDN56,3373.963942718886
FDE53,152.93690924022417
FDD44,5515.433930667021
FDN57,1704.1417590473784
FDT22,734.8752943862168
DRI25,812.3444600150723
FDU59,2393.755030989846
NCV41,43.740075854577384
FDM28,2606.0739661847633
NCQ29,4560.330730834715
FDF59,1743.013687310384
FDU04,1303.1788329295705
FDH21,2114.3103907311192
FDB20,1166.5233761742643
NCX18,3267.523843534769
FDV60,2966.351403008386
FDL46,1561.7811492144515
FDV07,1928.7823062473276
DRA59,4621.043757277998
FDD40,5364.935922995779
FDM10,5323.717188204523
DRD13,1202.4060991789586
FDR43,1144.4905573626593
FDM10,4308.355275690354
FDW44,2285.661549419688
FDC59,1343.5065819025515
FDT26,1332.4286329585996
NCF07,1837.842898895303
NCH07,393.06073203612937
NCF54,2870.250916773473
DRK35,819.3708386074052
FDY22,2790.5990162965095
FDE11,3356.5027867205695
NCV53,1294.0618474760959
DRD24,2399.7477974240583
FDX04,218.90248900909327
FDT51,200.20353296573822
NCM29,66.25205038765912
FDY16,2557.286912950897
FDQ08,771.668309643874
FDD44,6675.291642178257
FDU51,3389.9564527929674
NCJ30,3067.98367874011
FDA08,2845.977530135919
DRO47,1803.2058901583696
NCF30,2116.57567532275
FDG16,2724.259050309167
FDR52,3195.3134239543488
FDL22,1504.5359231163516
NCP55,855.0966914164865
FDR27,2051.9582316598903
FDR46,2663.093282830249
NCQ17,232.8610180851804
FDX36,3756.4219866196004
FDM22,218.35444428875243
DRB48,1098.5250490863025
FDI12,1948.0040192441654
NCD06,717.9806981497319
FDA37,1952.39319409147
FDC08,5254.627945950904
FDJ32,757.1108936285436
FDD48,1878.533820180378
FDU07,2666.9311716098914
FDW21,2063.466795886624
NCJ06,490.25471670683
FDN16,1677.1835637215224
FDC48,1613.544456723789
FDS56,5247.7206516669385
FDB20,1420.6767397838444
FDS09,182.05627358302087
FDL14,2202.380613867683
FDG34,1422.0044867777742
FDR44,3727.845069582443
FDC59,1465.5181077477628
NCK05,325.24283711631455
FDW16,1508.5529362500467
FDU21,1062.257341563299
NCN43,1960.9105968478477
NCK30,4229.548359574569
NCS54,3456.9707689724287
FDM21,2851.9321482123455
FDG04,392.11404891155973
NCB42,1442.6205341424738
NCP30,990.4107132730643
FDQ47,909.1407833098056
NCD55,765.8796652042657
FDK25,4041.602907221678
FDY59,1439.765995063155
FDZ43,2947.0291220949657
DRJ51,4499.421477100686
NCZ53,3924.616697034352
FDO45,2554.719673215625
FDN58,4164.163650431803
FDB56,2940.7260968545843
FDA32,3829.68881471849
FDO48,2461.1095532222485
FDK20,1793.8746672552063
FDX09,3198.6048651482524
DRI49,1128.8600958998845
FDY36,299.79344254715886
FDV39,3649.9888121222275
FDV52,1239.2656317708247
FDI12,1902.528641568308
FDJ27,1645.6360049436141
FDX60,1321.0653126577674
FDU10,532.1773905268511
DRJ35,947.0456283784375
FDO52,2930.3115224166386
FDZ27,221.18242383538285
FDZ51,1665.2433541410815
DRI13,3077.182876703035
FDM08,4015.7884889581564
FDN23,2904.8732069105004
FDE38,4231.2970464301
DRL01,3158.6686502403377
FDX44,1442.804984388324
FDZ20,1180.4154502006477
FDJ08,400.11391964791176
FDF52,589.6746899708432
NCJ05,2657.454715032895
FDY51,4748.487518449358
DRJ24,2858.3583477253715
FDA32,376.63067918601183
NCI29,1801.886146819123
FDF39,4215.783684561324
FDQ26,958.227767442426
FDV56,1752.4014942744234
FDE51,1192.9411027922072
FDS01,3247.017767354444
FDA08,4279.951971705875
FDK04,942.4731593287337
FDL38,1486.4276664283188
FDP11,584.3350505730527
FDP11,3779.900369420138
FDP26,1500.3824036986025
FDM01,3026.295282094289
FDZ33,2826.4567175749053
NCW18,6192.103698204794
FDG12,675.354492547817
DRM11,5768.848635601619
FDI34,4565.513300063844
FDQ49,2795.747266877576
NCR05,5059.999206868531
DRI37,206.6395197633628
FDA44,427.77216977921023
FDZ19,2332.6393567347404
FDX37,319.579359959314
NCY41,1042.6172778386094
FDR12,3496.4305946001296
NCS17,3006.466278820986
FDZ34,3627.392084190101
FDZ43,4047.5876325898766
NCC18,493.0532095172098
FDD46,1879.7006588252816
FDJ57,3878.737948339793
FDR45,4800.308082443254
FDJ21,1984.1262834435145
FDL48,350.0228084959121
NCF43,1896.6009350607922
FDO09,4473.311760203162
FDA28,2391.9984770491806
FDR46,3489.4654758077027
FDL57,3887.9468704466526
FDR28,2770.1562276151444
FDS55,2825.574557976531
FDP45,5075.603731335199
FDY56,4383.444127274773
NCB06,3133.118618276035
FDA25,1536.6182340619018
FDA22,4540.171489432165
FDU47,2239.2084266431534
FDC29,1397.3857667272746
FDH09,628.3115315995583
FDB02,2701.8473634265474
DRC27,2234.2821755652612
FDX09,3353.237213806206
NCB42,1799.6942200429999
NCA05,1858.6246403631255
FDC08,3192.1589616329256
FDW24,664.2261076879813
FDD02,2244.0960273948454
FDE20,3129.689553579802
FDI50,5427.694980885513
FDW48,973.5933843034726
DRG27,1175.4479734533404
FDX49,4376.402837647786
FDR39,3113.9882192716846
FDZ49,2886.911337201238
FDE09,1596.934536923568
FDH44,2915.880319693983
FDM08,4247.891314683974
FDH35,2533.875063257791
DRG39,773.4063448823538
FDP12,688.3582050916112
NCK05,206.82742417834163
FDA56,2109.156548808606
NCG07,2965.27238555418
DRI47,415.1972879525029
FDF59,2671.4777315847077
FDJ14,1223.872012976813
FDK38,2039.2864432623958
NCB06,3379.3846088335144
DRK13,3235.8843241005757
FDB12,1982.0684894992714
NCJ18,2256.4704475305016
DRI39,115.46535306202922
NCY53,2813.6275648150126
FDW04,3479.9926499522644
FDQ40,325.19674100654055
FDS03,231.7923983194488
FDJ32,833.5216835014422
NCA18,1669.1436926635506
NCW41,2762.5394445795487
FDQ33,2746.378165190995
FDA04,3189.3303496782673
FDY36,1233.436102444976
FDP48,4194.782741023839
FDV26,3405.467189841926
NCP43,2411.1538769614986
FDC02,3578.8411588819963
FDQ27,2066.9229451725714
FDX07,3503.6966329318393
FDP11,4071.7455313178557
FDN38,1295.8129585030597
FDJ44,2986.5139861442613
DRG49,2687.3178667953216
NCM41,1331.9131421280283
DRG49,6037.191617728634
FDW02,3370.539649373144
NCR53,706.7719536058264
FDT21,3824.9334595814353
FDD39,46.49601278936453
FDE08,354.3915267006706
FDJ02,421.26871589904147
FDD29,5066.861045878433
FDH14,2131.661541403226
FDU35,1845.2684425956948
FDQ11,4239.081828089249
FDO11,4087.846236655639
FDH60,3641.4956201744058
FDU02,4068.4416755230613
FDN45,3600.116735954633
NCX30,7015.190306082807
NCH18,3643.18910740048
NCX41,494.4360963025795
DRG25,2800.406632137011
FDQ15,323.46820490819067
DRE15,1370.2983597033437
FDX28,2033.6392538295104
FDZ03,3139.5763096269457
NCC30,3570.570384077593
FDQ03,3584.3030405263457
DRD25,474.20664844833897
DRI01,82.7160135141692
FDV09,2603.7145132501464
FDK15,277.5677536000354
FDG35,31.206728042994538
NCB31,4129.9534462940455
FDG58,2203.4467170830185
FDR02,1824.6321653073903
DRG48,1969.6994750113458
FDF21,2719.562593282115
FDG45,68.14394638687321
FDY11,1118.3528259707057
DRF23,2173.109285131557
FDL04,1594.9394493689547
FDF39,2755.0619398934064
FDC45,313.7294353902225
NCT41,2213.362392371798
FDO51,698.7913629297107
FDF24,178.59387034027532
FDT07,747.9110282653598
DRJ01,2426.2353617079348
FDR55,2696.682472681346
FDZ44,306.246033380839
DRG27,292.46519910926037
FDV59,968.2975855127394
FDZ10,2234.8168812299123
FDL36,289.65467977137513
NCJ05,2233.1364242002182
DRH37,2339.791507686835
FDW38,296.98843915071194
NCB18,2547.6024133648893
FDT08,2487.529957301862
DRG13,4459.170631096693
NCR18,576.7219528306811
NCJ17,233.63903640524302
FDX03,97.63535107562942
FDQ15,1333.5304089262186
FDQ24,1149.5402389877108
FDV23,380.426025750903
FDR36,996.9555890494466
FDR11,2310.2024163453452
NCK06,176.36720248171068
FDU13,2449.0680440744813
NCK07,2611.927644235667
NCH29,1688.5442853375819
FDW50,2156.195835573961
FDG33,2381.765516521282
NCU53,2234.8219292062868
FDP20,1656.13325938208
FDI33,1386.1663881397967
FDX43,1605.5584104749257
NCO54,831.064171801074
FDF46,381.18909713697735
FDM08,4085.6193210247434
FDO37,4177.155585700525
DRC12,3387.4738358775544
FDZ16,583.3605014226277
FDG16,2562.876436001245
FDA43,5107.642959788253
FDN04,3375.143598182235
DRG51,64.84845724061556
NCH54,589.5490250155342
FDV25,3914.2362330011497
FDM28,2559.0455465587097
FDK02,424.6129382477921
FDR14,291.28306152154835
NCF30,2159.9984650287993
NCG42,1908.8001010741045
NCE43,3976.761128682268
FDA10,1797.641116783073
DRJ49,2153.1101727884097
FDG08,3950.929529816822
FDA32,2240.445260590022
NCX06,3865.8538547892276
FDP51,288.4488104150529
FDO16,1512.4929142004662
FDQ52,7802.101759996188
FDP37,1936.8275648474812
FDO10,1498.5192916679273
FDZ52,1434.4527951010894
FDB60,2696.7821033517757
DRM49,1086.3012938678417
FDS58,2957.4851166706885
FDP16,3605.942469312926
FDD44,5498.013205096124
FDC47,524.2989533159159
FDR14,2009.086313491415
FDZ50,3438.396774424469
FDE40,636.5028294403338
FDA25,1294.9080306055123
NCC43,3165.759183368827
FDT07,3458.551490334172
FDE36,3058.7390336477706
NCE18,5738.85560304428
DRF25,175.4792593766211
NCC43,3072.6122442648634
FDZ35,3073.1133286329596
NCK07,3058.446161797719
FDP12,766.9906690257753
FDV51,4485.7866110809755
FDW19,236.72583730942983
DRM23,2528.0100406874094
FDZ16,3278.792246199251
NCW42,5205.673889429294
FDJ21,2392.197540589035
FDX47,1573.118756629283
FDP08,3877.6640063702985
FDK26,3242.298878399169
FDV51,86.69097410591318
FDM60,500.32725504761294
FDP58,2854.1777248687026
DRE60,4663.17291222862
FDN56,3466.5625060187085
FDH24,1865.6508165744056
FDX60,1201.2614045547452
FDP33,3564.368818594946
NCD19,581.719006582298
FDG09,3126.8011012320335
FDH45,711.7791187960811
FDS24,1368.210223393921
FDX57,1421.485885081857
FDZ39,2757.18468653093
DRB25,1897.0064520747546
DRJ01,2556.377155532308
FDE09,329.0322206582891
FDS40,62.07840969020408
FDZ33,215.9248689864862
FDS12,534.4451640578949
NCP55,219.21135263230957
FDL45,141.9497344026695
FDR08,2326.3266198807055
FDT60,2036.8148192573435
FDB08,2503.6984443132937
FDI57,2633.3534430151017
DRL23,1794.8778221855735
FDW49,3177.2383812881944
FDY59,1066.0889809826617
FDX56,1001.6058713317607
DRL01,4094.9526641693174
FDQ23,2897.6260573647232
FDA03,4105.036321432511
FDJ20,1623.5812480109457
FDL03,2659.381786826586
NCA18,1296.119601124582
FDH10,1867.4435724899986
DRF49,171.65342900133192
FDR22,2768.2615349873586
FDJ28,3210.3233622021394
FDR26,3021.864363225321
DRP35,2181.5646075597833
DRH51,1348.2799238404382
FDT07,4985.007873563186
NCL18,2697.878586952603
FDT28,2079.1435551260306
FDQ16,1672.2134976446625
FDT12,522.2439562114395
FDA04,5023.058433295588
FDG09,3655.66366843364
NCP41,259.59078619486627
NCO54,1435.4846911299314
FDN56,3311.6508073543846
FDR08,418.987281251119
FDQ33,2678.780444339664
FDK20,2103.21911859544
FDN20,3912.8910549102106
FDX38,216.47160675606588
FDT45,839.1361643527687
FDI40,1288.0739106721296
FDJ58,2974.9461105070604
FDZ33,1856.8105832330714
FDW60,2977.0522255133046
FDI41,2519.058612466829
FDZ21,1480.892388597981
FDV38,2049.845521198162
NCE42,3805.616403063045
FDJ03,669.4214646722393
FDR49,136.31394645299153
FDU03,2851.644742695286
FDL32,340.3262390548931
DRD24,205.8946754086148
FDT28,2245.6938866933588
FDA36,1813.2571274216764
NCP55,889.0105297685564
FDD50,2905.0114342510415
FDZ20,3162.389502911255
NCU30,2783.7932059531
FDR60,1010.9533202471497
NCQ06,5027.431758118409
FDK16,1354.053925341603
FDN32,2838.092253555512
DRD49,4629.87365721441
FDW60,4866.183558451079
FDZ25,574.0396683194422
FDJ12,4164.319927298291
NCQ50,3522.4047921864753
DRI01,3298.9591306905436
DRK23,4027.842816466289
FDZ48,414.69143405098356
FDU04,334.2393199741638
FDL56,1315.1178224348846
FDR55,2971.1252138693244
FDV44,3216.8737652430705
FDL09,2855.735720779586
FDS09,1692.6447125046348
FDB16,1249.6604863378811
NCJ54,3097.382459896882
FDX01,1614.1525369769502
FDM56,1484.0533831775908
FDX59,389.2948725735032
FDF08,1544.6313315734951
DRD12,1157.0674378313386
FDY20,1645.7415070855445
FDW07,2927.133821356019
FDB15,4290.448840912492
NCM05,4092.478348949195
FDY49,2225.890372358767
FDC48,1460.427100133629
NCN14,2988.1690433641143
FDE50,5157.827380939444
FDR25,5940.981432823379
FDC17,5078.518551336486
FDT59,4397.312135162097
FDQ23,1616.6656846253572
NCI42,2669.39330541562
FDB16,1498.1989944502102
FDU08,1527.6798069541744
FDW40,2595.3862523532057
FDD10,2355.2888352754526
NCE19,265.2974550376421
FDS13,405.4322973603053
FDD38,1860.9330864051124
NCM05,4371.781768490106
FDR19,3245.5968589070562
DRA24,34.38486642775299
NCZ41,1926.0904844185307
FDZ21,1344.1798307753243
NCY54,2820.1107298088828
NCG18,1790.353980997426
FDA50,2546.5472444374727
NCS53,2781.881758456695
FDZ55,2116.1473582501003
FDO32,712.9130655914275
FDL48,1548.2327807507752
DRG36,3116.432302010494
NCS06,3334.0161772847046
NCA06,993.6122032198658
DRN35,749.3606914452544
FDP56,909.8519747959431
FDR47,0.9180828945804898
DRD13,1156.54069323064
FDH40,2631.267769714072
FDS52,1441.2520357156275
FDG38,1519.538185416326
FDU11,2117.0296541240014
FDX04,823.6134977999994
NCL05,966.1825047603135
FDB10,3074.9914026523293
FDO57,424.2301368003117
FDG60,3503.59052144009
FDR01,-65.10586618430406
FDJ52,2120.9223043850143
NCA29,455.0291187460652
FDO12,3413.721631738794
NCW05,1240.9305598981148
FDX51,3681.00494717496
FDR34,3843.9504901279092
FDX35,4552.330282627358
FDX21,187.65271323139822
FDW03,2319.4354893857985
NCW42,4177.311970603414
FDV37,2763.4140514357364
FDB36,1966.403678827927
DRG49,2431.734389030759
FDT57,3982.4616914682592
NCA30,136.44056214146877
FDY35,216.46626695308913
FDN21,2029.8100228692695
FDX31,1449.9470782808835
FDL50,1634.9407495274259
FDR24,2643.386958396317
FDD04,1735.8129250437012
FDV20,2153.699725556465
FDC46,4994.686625281939
NCW06,879.0803136978583
FDX31,3004.0141097756073
NCK53,1781.522922986562
FDD03,3343.4038675504776
NCT06,660.8575993203019
FDW55,3217.3715541441684
FDJ38,3513.490240251451
FDO58,2615.79387876107
NCE31,1060.5912820424305
FDD08,584.4351599722592
FDR37,3055.5636299419675
FDH44,2870.371155469665
FDD52,3340.609871764231
FDI40,1730.5686981352123
NCE43,3461.8937313879965
FDC04,3513.0099607602956
FDI45,2171.1821337023275
NCC54,3989.6279488344253
NCI30,3014.842720924429
FDJ40,1826.5905138478913
FDL04,1560.735774893943
FDC28,1615.219194597357
NCD30,1346.9423534040068
FDZ14,2052.082258084706
DRL60,2191.4018075241293
FDX11,3278.2483148989395
NCC30,2115.03920486697
DRJ59,958.932846094803
FDI21,1233.213350215035
FDX46,1142.4639962837027
FDK24,362.8561606350652
FDG14,2260.602234889464
NCG43,1441.9440060968304
NCP50,2272.3483020178915
NCX41,748.9395582529825
NCP50,1238.9499195020155
FDM24,4223.01642481018
FDP09,3695.5487699213845
FDT19,2651.9605771891697
FDU34,1630.2257590358056
NCM19,1975.57569318833
NCY54,2297.3718950640605
FDQ58,2321.7794295990643
FDD51,1266.7865785573592
FDW08,1556.0470333012493
DRL35,569.3604990376143
DRJ11,3661.5553729100234
FDA01,225.95963667187524
FDT40,2309.2963139760454
FDX37,1587.919186835497
FDU38,3579.49416239614
FDT33,2922.4718081798424
NCM17,490.8258905589795
FDK26,3627.9298318602855
FDM51,1617.236307846977
FDH27,2376.5333760975172
FDJ26,2520.106352568495
FDQ22,1161.6503471629233
FDP15,869.0293945000262
FDE17,2304.832830929262
NCG54,3473.5153692036215
NCG06,2463.6501609339953
FDX45,3473.9408752175577
NCC19,3043.3121799128576
FDC50,1516.3617943512286
FDH48,421.8891377657321
NCH06,3456.2177895408972
FDA02,1733.0088233658232
FDY60,3967.404412977165
FDD53,651.7554683053946
FDT36,478.3853361540823
NCY18,3682.161654418644
NCZ17,1333.6616211000605
NCD18,3684.166020810258
FDZ23,2916.1637289668174
FDF20,3045.732898313765
NCZ29,2073.2751099092875
FDZ45,2831.521463423798
NCL30,2404.0837882532164
FDL03,3501.6221107160427
DRH36,980.570384122981
DRC27,3147.07145195645
FDE16,975.5649308217644
FDU47,2169.3356611474455
FDK16,1611.1804186166132
FDR31,3061.0002606420544
NCD19,912.1776854555333
FDD17,4264.979237811769
FDV16,82.22145369591377
NCS29,288.9605378197657
FDY14,3472.3709298307153
DRB48,1165.7650013798523
FDW43,3590.454606445475
FDY21,2970.6074857461845
FDN28,1998.7715250901733
FDT49,1464.1152844750545
FDX23,1460.584103856133
DRD15,-305.6064960592891
FDD21,1917.9998932374085
FDJ55,4294.197339787699
NCL05,287.6550758504002
FDG22,1016.2349352686903
FDZ21,1393.1035250975672
FDZ43,6907.245514662427
NCQ38,1767.9155316206457
FDQ27,2607.861913374323
FDQ59,922.6744288508481
NCO42,1998.527631682645
FDT27,3428.4348781356
FDH17,1570.7920620291004
FDG02,1865.596431363607
FDL12,1189.8091129519769
FDG12,2342.2888004667434
NCC18,2081.8296202842685
NCO05,1508.6584421174473
FDE32,1254.5948446015595
FDA19,2605.29367960728
NCI31,985.395912834559
FDJ14,386.2873536397366
FDR35,3813.3560394614265
FDM45,2311.307718725947
DRE13,1149.2206692049726
FDK21,2247.7492170525397
FDB38,623.9273195587151
FDA22,3431.2080948986327
NCP14,1580.3743538409267
FDK52,4720.298069529998
FDT57,7296.216422670979
FDB02,2909.5556562562856
FDY02,5944.14503240115
FDR10,2535.2146868962295
FDT14,3292.573848012516
NCJ43,446.7058906065006
FDJ55,4166.591903756276
FDE33,1388.6511197562409
FDX10,704.146905737607
FDQ09,2998.8766304820133
FDU32,222.72441944525275
FDD11,4213.0782488305385
FDC34,2912.784262806842
FDW57,2940.3936216570655
NCB30,757.416066879311
FDT21,4038.8655189619776
NCN17,1475.802263329328
NCN06,2689.5608248943504
DRD12,1298.8535387860973
FDG33,2433.113507106532
FDZ58,1532.922178623464
NCI18,2893.8158314233133
FDG33,633.2241182741835
NCZ30,2234.1097791306843
DRD37,836.5191163270025
FDZ15,2753.1092595354476
NCV06,3335.7056452526963
FDY07,785.9940676457592
FDU44,2693.8184873128153
NCC07,1691.5613522110384
NCN43,332.9595689076413
DRF23,4766.132656817461
FDS44,3595.01662445242
FDC03,3548.2293078024563
FDN56,3302.165203317202
FDF38,575.0845435670988
FDO34,375.1464340244026
FDU02,3955.337045850711
DRI49,1277.214622284764
FDO16,1888.6437391458724
NCJ05,3974.110023989265
NCA06,555.9888792281419
FDE35,613.8446744417663
FDR55,2892.6725191080227
NCU42,4445.15052234841
FDU21,439.36927957445414
FDR12,3295.3487101692804
NCJ30,2241.607161528842
FDY31,2838.9790069382593
NCN29,855.4143828495369
FDR44,2169.7003947987723
FDP04,988.8423739270323
FDT58,2713.540732699192
FDE05,2148.967273910325
FDB12,2397.129167394625
FDC52,1991.1763949754427
FDI08,4509.5494230980985
FDY31,2491.9312877712914
FDZ25,2169.6082670042565
NCL53,2997.596497750856
NCE54,1062.182681411071
FDP37,1900.6980142900338
FDW09,180.57067767299324
FDH46,1888.3856209227633
FDP36,364.10310412563905
FDO20,5462.534383786793
FDT13,2823.7712531409657
FDT07,3337.7964044194387
NCI18,2490.6254851691706
FDB15,1051.573794913814
FDY45,3974.8444695438693
FDZ49,3543.172397275866
FDX37,1515.2950286309435
FDV45,2906.84550367723
FDX58,600.7291356954288
FDG56,1663.0400828066588
NCN05,2454.622848921201
DRD25,387.21725494449447
FDH45,686.8451514883714
FDC45,2497.5697128645256
FDD47,3452.184839308606
FDC16,1375.5018132057194
FDH48,1320.2738660230712
FDZ22,1219.3316959893893
FDS02,455.1404917047241
FDX03,479.47699267497313
FDE10,3130.464504173031
FDR59,2903.8962932665772
NCU42,2777.5231300056553
FDB56,5438.803101618167
NCE07,1795.7579452981017
FDX43,1786.885554143767
FDJ38,3338.5049391315233
NCP42,212.0475413541524
DRG15,404.2571453539442
FDZ08,286.111447073606
FDY27,3171.426408337361
FDM09,2832.1282689708614
FDT02,483.8015453539035
FDG10,1039.5401542255102
FDG56,881.4429505201772
FDN01,637.082626878972
NCN29,730.5837018393615
FDC16,1262.9432924744565
FDI60,927.4238605399628
NCH43,1923.1335990965108
FDS02,5532.477222240808
NCU05,2431.2745805286318
FDK15,2010.0664860473228
FDO57,2565.0084133746695
FDA44,579.245297793743
FDX47,2575.2888416936535
FDQ28,2678.0918416934624
FDT32,3457.5217796193742
FDK22,3420.0448729974037
FDT49,1603.7021575227666
FDD02,1727.009842112022
FDL34,2319.757072765826
DRI03,2886.3993768297723
FDQ13,1529.005520950649
DRL60,2123.399874918489
FDC60,2172.4671461691646
FDZ35,2287.3865895651675
FDA13,701.161304087562
FDN57,2465.59360383666
FDJ58,4364.802504320011
FDW50,1959.2502953667663
FDY45,4607.195130552298
FDE41,1236.8185487598198
NCB31,375.57567816595355
NCT17,4879.935856433836
FDL40,1260.368380131105
FDX20,7434.933314879662
FDH56,1671.5044668500748
FDA20,5270.630731972608
FDE10,1790.432710834634
FDH34,3620.217138075725
FDQ39,3694.1130456444866
FDA11,2553.428373995173
NCS17,1549.5820070653103
FDA08,356.8878158617816
FDO50,1565.9549472998165
NCI43,964.9239107000694
FDD36,344.39087866486847
NCZ17,876.4526807378487
DRI47,2618.535197058014
NCI31,498.5406307234168
FDV25,3377.2639478856768
DRB48,599.362441819234
NCI06,3518.7284024771193
NCR50,2224.309985475653
FDK04,1012.2040307821655
DRM35,2835.130678674902
NCI30,482.4159102700014
FDW48,999.1530935688065
FDM58,1579.008669724395
FDZ48,1915.8556680171682
NCD19,803.0232702278142
FDE33,2428.1653452613887
FDH34,539.85506559653
FDY56,117.75123039834214
FDS20,3079.5695622861112
DRJ24,2754.471241146665
FDF41,7988.865167423028
FDS10,4868.889252713296
NCZ05,336.8255379655287
FDU47,249.1671295278696
FDC38,1914.454883061802
DRI37,518.9692107102959
NCK17,548.6944176962858
FDU25,1046.5924918601477
NCU18,1792.050923508957
FDV03,2603.18983994976
FDW37,1035.1488463193787
FDX31,482.98438233692457
NCI29,3380.2289059264044
FDR49,548.7521515230989
NCN55,2332.450914568852
FDC41,1363.113034707981
FDB58,400.41035179704994
NCO30,3214.4503925664994
FDL25,1073.164127940129
FDL34,2608.951784881549
DRD13,964.2262764937815
NCN07,2330.3657443567145
FDH33,644.5393888896449
FDL34,2662.3676814036535
NCV30,1193.398126819714
FDC04,2923.876647296672
FDR37,882.1858454468388
FDG50,1684.9452092649037
FDG57,860.8670294818621
FDB29,1690.1930182479896
NCE06,1747.8550487144826
NCJ30,2379.351122115837
FDF21,5248.309876133231
FDM46,1359.5490063238706
FDX45,2825.765222009256
FDV48,1525.225803277174
NCV41,1459.843281524935
FDQ52,5676.668708545582
NCN26,451.8985256234616
FDI38,4681.285563392993
FDM39,2801.5644720800574
FDE56,259.0202221391933
FDV02,2186.2192560108424
DRK49,630.5447956741509
FDF50,3793.3375668885706
FDC08,3887.9196564393965
FDV22,3193.6949878362784
NCG18,1779.442271415382
FDY51,4401.579189506203
FDH58,1580.5547187145396
FDY50,1632.4625416897663
FDR58,1358.8118626540984
FDA31,2693.896520015091
DRQ35,2178.4222063820357
FDB36,2721.721403709683
FDV19,2840.108720642535
FDF04,5313.634684660705
FDI38,4298.498769251864
DRI37,666.4739214234187
FDD52,1065.5594960369
FDL08,7673.840454311298
FDD29,3982.7517066661853
NCZ54,2862.013213887719
FDN46,1636.5570631400972
FDU09,1976.5425290920073
FDQ36,390.2341139619166
FDS43,3355.5596012759665
NCL05,430.1738237733931
FDJ34,2010.7804367972044
FDJ08,2720.294655836832
NCJ31,2605.2322538261647
NCX30,4886.418397717659
FDB50,1119.1470192033994
FDM33,3231.289708615658
FDX40,693.5778999802699
FDW09,1356.6207247949756
FDT46,995.9996935645136
DRG51,2623.280690000888
FDE59,434.30373869592785
DRN37,2502.3270334286967
FDW28,3083.51940448729
FDC46,3713.321311868634
NCP29,1914.5377190930715
FDT50,1642.6330627325829
NCB43,2691.7172291332
FDF11,3295.3545956222124
NCB19,524.0120731912691
FDM27,3459.553784100619
FDI26,1976.6762567985088
FDQ32,343.1411734809192
FDR23,2347.312588952859
FDG08,2380.664676270107
DRG11,1873.8241080732341
FDS33,2636.4740145547853
NCW17,2213.5422719589146
FDT24,2631.9728046001464
FDM21,2302.9852241570293
FDD59,1495.8483059066066
FDW56,3262.6344186094398
FDD26,3652.2735327829505
FDV28,1203.9857175619125
FDS52,970.9767585211703
FDH38,2339.6386822872487
FDA14,2517.2880450910943
FDK41,1221.596454761272
NCX54,2995.6999581565797
FDP32,2738.5566466809187
NCH07,3374.4848469225044
FDQ32,1994.65442243089
FDE51,889.5786000972525
FDY38,4607.860311820423
FDA23,1868.200469962806
DRH49,1268.8771513799413
FDO11,819.3308736682387
FDD29,6508.796957065713
FDE08,2913.1325923989616
NCV54,1753.418643365287
FDX31,7607.264934376737
NCU06,5078.420740459235
DRK23,7014.6757531216535
FDW09,1259.1038957009187
FDH09,869.3664273321842
FDE10,2268.2374772423977
FDV20,2031.3177816279238
FDI04,5541.250489663048
NCN18,1738.0137216568817
DRL35,561.203994582834
DRE13,2359.005791934849
FDS12,2489.3795105241065
FDE26,2556.5798708092248
FDW45,2800.4722438155636
DRI25,670.7346834115868
DRF13,2443.5888963480147
NCZ29,1803.6949862571623
DRI47,2034.3002775614182
FDQ36,863.7605860959504
FDQ10,3637.5844426302906
FDM50,933.2563258733368
DRM23,2794.978690410397
NCN54,1171.7307248614843
FDO34,3186.8723609086765
FDN58,3688.9428744031147
FDS51,891.4171636829288
FDK02,367.1909259263962
FDP24,3228.905419767437
FDS15,340.9417663486138
FDD10,575.6699649924793
NCR54,773.5731604822862
FDU39,946.8631852951387
FDD59,1705.9421203167688
NCL53,2753.4320526540514
FDC44,2237.5345559605303
FDO56,1846.6799245565296
NCP18,2635.2109837193666
FDY10,1717.3721349495027
FDX43,1688.5021748199179
FDG09,854.0477510672188
FDT15,566.6007427614496
FDI28,2191.916530332329
FDD21,1983.5216901670888
FDT48,3651.9408643044785
FDX35,3350.540476148741
NCS53,3262.0904279813153
FDQ57,3752.153262783936
DRN36,1213.8624556815582
NCK18,3200.4731692532746
FDC41,1342.521308161818
FDE51,1012.1232734111418
FDZ36,3015.9342854967285
FDW03,1964.0136355490579
FDR12,3424.0877490275543
FDU20,407.7654788872892
DRM48,531.39899392932
FDZ47,1651.0229698408195
FDO49,1611.9297219458904
DRE12,1965.0223991113535
FDS13,3479.5141259558873
NCT06,3856.310740124596
FDA13,671.3020675161039
DRN35,493.3017436371913
FDV52,1445.328934429025
FDZ37,2580.5043113093006
FDI60,742.6188966565741
FDL33,2582.0300560313012
FDK21,2253.9409016113045
NCO43,1930.1807621899825
FDI41,2782.1480508586715
FDL20,1835.047463930601
FDT36,586.3355971350784
FDN12,1871.837014229437
FDW49,2793.025392743063
DRD15,3819.8182660930856
FDV49,5990.136872307062
FDL45,2352.8527336974025
NCK42,5707.268199816351
FDQ33,3445.344304187509
FDW55,8135.53675540807
FDS59,1914.3249442224303
FDY01,1581.7888218960131
FDW55,5178.9074120136775
FDT25,1809.9352462692839
NCU53,1832.0965960281953
FDB51,1049.436342613659
NCP53,7405.667188703411
FDC02,5889.665323852637
FDN28,2030.5690235373158
NCL30,2077.039484771322
FDU46,1211.163213779678
NCF42,465.60279414574006
FDW15,2739.8922304951793
FDR58,1423.6332742971372
FDM08,348.45584230648615
FDF29,3522.993460799479
FDO15,1118.300464492116
FDT28,2201.7638787199776
FDS55,2332.2328512921295
NCR29,1509.4638691786677
NCZ17,846.7055779152627
FDL21,740.4304243291695
FDT16,6074.146390841484
DRL37,626.4097766858016
FDT12,4634.341016466883
FDB11,3551.609294933777
FDO36,3130.0933601176225
DRD13,1306.4450903930463
FDF47,2144.032029738014
FDC44,1884.6316193440255
FDA16,5220.688305267887
FDA40,990.7157425871999
FDV15,402.3358860806346
NCO06,412.2536833104869
NCG18,1545.4310264517255
DRG23,3562.1528690139394
FDW22,2743.526755342043
DRG15,792.4204228789497
FDV32,1490.093875338586
DRC01,814.1808360331472
FDH35,3358.354548458926
FDB11,4617.836254214001
NCM26,2108.153599582448
DRK47,2510.1169932727953
FDH28,978.0935715694279
FDC56,2278.3082046986196
FDC16,1305.3943810770852
FDA15,3505.1978127942543
FDF34,2987.094181124795
FDV56,1846.2193439522825
FDI38,5362.780005689188
FDQ37,3467.1271014378785
FDE41,1305.510367263176
FDW50,1403.8570849793662
FDP13,449.1678414588453
FDT48,3082.1191043054205
NCH42,7051.138673234001
DRK01,1251.8983874961991
FDU36,1553.1034886252228
FDB23,2605.747847655091
FDD20,2092.986110015807
FDR39,3556.3253035199114
FDO04,628.6992086980197
FDS56,5511.961068754877
FDF46,3103.9746389904926
DRJ24,3200.1576363666118
NCD54,2024.1795226664688
FDT20,567.1257440587825
DRG11,1570.963110367965
DRZ24,2517.661867256931
NCZ53,5059.714881406936
FDD46,447.6911911220016
FDQ27,517.4648468915071
FDU14,3665.9293142347187
FDO32,1303.637512059636
NCJ18,572.9388295710556
FDB09,1428.6254328156645
DRA59,3054.655850526035
NCK29,1517.7703066433899
FDN46,1911.4897204942865
FDT23,1411.71762442162
FDB35,1359.1170279746086
NCW42,3770.404400306378
NCT30,1427.0929364818385
FDM27,3490.5388975584146
FDF10,2774.997323329517
FDU59,2039.0505729979652
NCY42,2191.0041654171837
FDS34,1858.27291027035
FDU33,122.89047539006737
FDU52,3760.8508228282494
FDL39,2484.677470392619
FDR04,1618.8949417358465
NCU06,618.3801148993892
FDX27,223.18605978947406
DRD25,3453.5144372659947
FDK32,3017.5176099889286
NCW18,3779.2078639263536
FDN09,3189.0599520602555
FDV11,3402.3574991268338
FDV38,671.5951272960527
FDI35,2751.483287264076
FDH38,385.23506396479763
FDM27,387.63708241403157
NCZ30,2004.5756132781116
NCU54,3672.2987801826544
NCA29,3250.8653126392646
NCV41,1840.7227660640033
FDP16,4803.3204395269195
FDW13,795.804235842682
FDU58,4196.279690798361
FDA04,4518.74760713356
DRG39,728.0638971229247
DRK49,996.7594032568422
FDH45,208.41441158823835
FDY01,1836.7692562214372
FDS59,1562.8912231626098
FDV36,452.0476540329707
FDB34,2459.280330669818
FDG56,849.3411881632213
FDJ44,582.2465518593611
FDE14,1696.320871088013
FDN01,2958.582088215276
FDL22,1571.3998232248616
FDS43,2941.0167773731296
NCO26,2200.6884842055506
FDX28,1853.2482652685346
FDS32,2546.3760537058456
NCV05,1979.7059334121857
FDA50,1523.785561922757
FDS21,1172.2216088498292
FDC26,1573.2042465518578
NCS30,1776.9482953075374
FDD03,3661.3223793863817
FDF29,2547.60950427702
FDS20,3683.570851089628
FDQ26,801.5665927495554
FDH12,1844.2223651023312
FDA10,2701.5986805847883
FDQ26,1056.0488518998577
FDC34,437.0161520061287
DRF60,3001.5514107791323
FDU16,1243.6232299089936
FDW27,1713.5293523787198
NCN26,1934.22806852973
FDA52,2653.895309285024
FDN22,3730.604257485774
FDG38,1248.1103575117659
FDW59,165.55199401944782
FDX02,3627.1221191614222
DRO47,1843.2693893149035
FDH16,2355.5374754606623
FDM46,1494.0926992611728
FDF29,1524.1402217139066
FDI58,1497.6697354275395
FDJ60,2888.3579341513323
FDN33,1265.6845105130135
FDX12,4752.930027706104
NCJ29,1069.6122884717822
DRM35,2518.453438134728
NCU18,376.3847043187785
FDY02,358.4448448459499
FDI09,4134.0622040815215
DRH23,912.0978328804822
NCB18,1396.8201975026518
